x1,x2,x3,x4,x5,x6,x7,x8,x9,x10,x11,x12,y1,y2,y3,y4,y5,y6,y7,y8,y9,y10,y11,y12,y13,y14,y15,y16,y17,y18,y19,y20,y21,y22
1,1,2,1,0,1,0,1,0,0,0,1,1,1,2,2,2,2,0,3,3,2,3,3,3,3,3,3,3,2,2,2,2,3
1,2,2,2,2,1,1,0,0,2,2,1,1,1,3,2,2,2,0,1,2,2,2,2,2,2,0,0,0,1,1,1,2,0
3,2,2,0,1,1,2,2,0,2,2,1,2,2,2,3,2,2,0,1,1,2,1,1,2,1,2,3,3,3,0,2,1,1
0,1,2,0,0,0,0,1,0,0,0,0,3,2,2,2,3,3,2,2,2,3,3,3,3,3,3,3,3,3,3,3,3,3
2,2,0,0,1,1,0,2,1,0,2,0,2,2,2,2,2,2,2,2,3,3,3,2,3,3,2,2,2,2,2,2,3,2
1,2,2,2,2,1,1,1,0,0,0,1,3,2,2,2,2,2,0,2,3,2,3,2,2,2,1,2,2,1,2,2,2,2
1,1,2,0,1,1,2,0,0,2,2,0,2,3,3,3,3,3,3,3,3,3,3,0,3,3,3,3,3,3,3,2,3,3
1,1,2,0,1,1,2,0,0,2,0,0,3,3,2,2,3,3,3,3,3,3,3,3,3,3,3,2,3,2,2,3,3,3
1,1,2,1,0,0,0,1,0,2,2,0,2,1,3,3,2,2,0,2,3,2,2,2,2,2,1,1,1,1,2,1,2,2
0,0,0,0,0,0,0,0,0,0,0,0,3,2,2,2,3,3,3,3,3,3,3,3,3,3,2,2,2,2,2,2,2,2
3,2,2,0,0,0,0,1,0,2,0,1,2,1,3,3,3,3,0,3,3,3,3,3,3,3,3,2,2,2,2,2,2,2
2,2,2,1,0,1,0,1,0,2,2,0,2,2,1,2,2,2,3,2,2,2,3,2,3,3,2,2,2,2,1,1,2,1
2,2,2,1,1,1,1,2,1,2,2,1,2,2,3,3,3,3,2,2,2,3,3,3,3,3,3,3,3,3,3,3,3,2
2,1,0,0,1,1,0,1,0,0,0,1,2,1,3,3,3,3,2,2,2,3,3,2,2,2,2,2,1,1,2,2,3,2
1,2,0,1,1,1,2,2,1,2,2,0,3,3,3,3,3,3,3,2,3,3,3,3,3,3,3,3,3,3,3,3,3,3
3,2,0,1,0,1,1,1,1,0,0,0,3,2,3,3,3,3,1,2,2,3,3,1,3,3,1,1,1,1,2,2,2,2
3,2,2,1,1,1,2,0,0,0,2,0,1,2,3,3,2,3,1,1,1,2,3,1,2,2,2,2,2,2,3,2,3,2
2,2,2,2,1,1,2,0,1,2,2,1,1,3,2,1,2,3,2,1,1,2,2,2,3,3,2,1,2,2,3,2,3,2
2,2,0,0,1,0,0,0,0,2,2,0,3,3,3,3,3,3,0,3,3,3,3,3,3,3,0,2,3,2,3,3,3,3
1,1,2,1,2,2,1,2,0,2,2,2,2,3,2,2,3,3,2,3,2,3,3,2,3,3,0,3,3,3,2,2,3,3
1,1,2,1,1,0,2,1,1,2,2,1,2,2,3,2,3,3,2,2,2,3,2,2,3,3,2,2,3,2,3,2,3,2
2,2,2,0,1,0,1,1,0,2,0,0,3,3,2,2,3,3,2,3,3,3,3,3,3,3,3,3,3,3,3,3,3,3
1,2,2,1,0,1,1,2,0,0,2,0,2,2,2,1,2,0,0,0,2,2,2,1,2,2,2,2,1,2,2,2,2,2
1,1,2,0,0,0,2,1,2,0,2,0,1,1,2,2,2,2,3,2,2,2,2,2,3,3,2,2,2,2,2,2,2,2
0,2,2,2,2,1,0,0,0,2,2,2,1,2,3,2,2,2,2,2,2,2,2,2,2,2,1,1,1,1,1,1,1,1
1,1,2,1,1,1,1,1,0,0,2,1,2,3,2,2,2,2,1,3,2,2,3,2,2,2,2,1,1,2,2,1,2,2
1,1,2,0,0,1,0,1,0,0,0,0,3,3,3,3,3,3,3,2,2,3,3,3,3,3,3,2,2,3,3,3,3,3
2,2,2,2,2,2,0,1,0,0,2,1,3,3,2,3,3,3,3,2,3,3,3,3,3,3,1,1,1,1,2,2,3,1
2,2,2,1,1,1,1,2,1,2,2,1,2,2,2,3,3,3,2,1,2,3,3,2,3,3,2,1,1,1,2,1,2,2
0,2,0,0,0,0,0,1,0,0,0,0,3,3,3,2,2,2,2,2,3,3,3,0,3,3,3,2,2,2,2,2,1,2
2,1,0,1,1,1,1,0,0,2,2,1,2,1,3,3,2,2,1,2,1,1,2,1,1,2,2,2,2,1,1,1,1,1
2,2,2,0,1,1,1,2,0,0,2,1,3,2,0,2,2,3,2,2,3,3,2,2,2,3,2,2,2,2,2,2,3,2
1,1,0,1,1,2,0,1,0,0,0,0,3,3,2,2,3,3,3,3,3,3,3,3,3,3,3,3,3,3,2,3,3,3
3,1,0,1,1,1,1,2,1,0,2,1,3,3,3,2,3,2,3,3,2,3,3,2,3,3,3,3,3,2,3,3,3,3
0,1,0,1,1,1,0,1,0,2,2,0,1,1,3,1,2,0,0,1,1,2,2,0,2,2,0,0,0,0,0,1,2,1
0,1,0,0,0,0,0,1,0,0,0,0,3,2,2,2,3,3,2,2,3,3,3,3,3,3,2,2,3,2,3,2,3,3
1,1,2,2,1,1,0,1,1,0,2,1,2,2,2,1,3,3,3,2,2,3,3,2,1,2,1,3,3,3,2,3,3,3
1,2,2,1,1,1,1,2,0,2,2,0,1,3,3,2,2,3,1,1,2,2,2,3,3,3,3,3,3,3,2,2,2,2
0,2,0,0,0,0,3,2,0,0,2,0,2,2,3,2,1,1,3,2,2,2,2,2,2,2,1,0,0,2,2,2,2,2
0,2,0,1,1,2,0,1,1,2,2,1,2,2,3,2,3,3,2,2,3,3,3,2,3,2,2,3,3,2,3,3,2,3
1,2,2,0,1,0,1,1,0,2,2,1,3,3,3,2,2,1,1,2,3,3,3,3,3,3,3,3,3,3,2,2,3,3
2,1,0,0,1,1,0,1,0,0,2,0,2,3,3,2,3,3,3,2,2,2,3,2,2,2,2,2,2,2,2,2,3,2
1,1,2,0,1,1,1,2,0,0,2,0,2,2,2,2,2,3,1,2,2,2,2,2,2,2,2,1,3,2,2,2,2,2
1,2,2,1,1,1,1,1,0,0,2,0,3,2,2,2,3,3,2,2,3,3,3,3,3,3,2,3,2,2,2,2,2,2
1,1,2,1,0,2,3,1,0,0,2,1,2,3,2,2,3,2,3,2,3,3,3,3,3,3,2,2,2,2,2,2,2,2
0,1,0,0,0,1,0,0,0,0,0,0,3,1,2,2,3,3,2,2,3,3,3,2,3,3,2,2,3,2,2,2,3,2
0,2,0,0,0,0,0,1,0,0,0,0,3,3,3,3,3,3,3,3,3,3,3,3,3,3,3,3,3,3,3,3,3,3
3,2,2,1,1,1,0,1,0,0,2,1,2,2,3,2,3,3,3,3,2,3,3,2,2,3,1,1,2,1,2,2,3,2
0,2,2,1,1,0,0,2,0,2,2,1,2,2,2,2,2,2,0,2,2,2,2,1,2,2,1,2,2,1,1,2,2,2
2,1,0,1,0,1,2,0,0,0,2,0,3,3,2,2,3,3,2,3,3,3,3,3,3,3,3,3,3,3,3,3,3,3
0,2,2,2,1,2,3,2,0,2,2,2,2,2,2,3,2,2,2,1,2,2,2,2,2,2,2,2,2,2,2,2,2,2
0,1,0,0,0,1,0,1,0,2,0,0,3,2,3,2,2,2,2,2,2,2,2,2,3,3,2,2,2,2,3,3,3,3
1,2,2,1,1,1,3,1,1,2,2,0,2,1,3,2,2,2,0,1,3,2,2,1,3,3,1,1,1,1,2,2,2,2
1,2,0,0,1,0,0,1,2,0,0,0,2,2,2,1,3,2,0,2,1,3,3,3,3,3,3,3,3,3,3,2,3,3
1,1,0,0,1,1,0,1,0,2,2,1,2,3,3,1,3,3,3,1,2,3,3,3,3,3,2,3,3,3,3,3,3,2
1,2,2,2,1,1,2,1,0,2,2,0,3,3,3,3,3,3,3,2,3,2,2,2,2,2,3,3,3,2,3,3,2,2
1,2,2,1,1,1,1,1,0,0,2,2,1,2,1,1,2,2,0,1,1,1,1,2,2,2,1,2,2,1,1,0,2,1
1,1,2,0,0,1,1,1,0,0,2,0,3,2,2,2,3,2,1,1,3,3,3,3,3,3,2,3,1,2,2,2,3,2
0,2,2,0,2,2,2,2,1,2,2,2,2,2,3,3,3,3,2,2,2,3,3,3,3,3,3,2,2,2,1,1,2,2
1,2,2,1,1,1,1,2,1,0,2,1,3,3,2,3,3,2,3,3,3,2,3,3,3,3,2,2,1,2,2,2,3,2
0,1,2,2,2,2,0,2,0,2,2,2,3,1,3,2,3,2,3,2,3,2,3,1,3,2,0,1,0,1,3,2,3,2
1,1,0,0,0,0,1,1,0,0,0,0,3,2,2,2,3,3,3,3,3,3,3,2,3,3,2,3,3,3,3,3,3,3
2,2,2,2,2,2,1,2,1,2,2,1,2,1,3,3,2,2,3,3,2,2,3,0,3,3,1,1,1,1,2,2,2,2
0,2,0,0,0,1,0,1,0,0,0,0,3,3,3,3,3,3,2,2,2,3,3,3,3,3,2,3,3,3,2,2,2,2
1,2,2,0,1,1,1,1,0,0,0,1,2,3,3,3,3,3,3,3,1,3,3,3,3,3,3,3,3,3,3,3,3,3
1,2,2,0,1,2,0,2,0,0,2,0,2,3,3,3,2,2,2,2,3,3,2,2,2,2,2,3,3,3,2,2,2,3
3,2,2,1,1,1,0,1,1,0,0,0,2,2,2,1,2,2,2,1,2,2,3,2,2,2,2,2,2,2,3,2,2,2
1,1,2,0,2,1,1,2,1,0,0,1,2,3,3,2,2,2,1,1,1,1,2,1,2,2,0,1,1,0,2,1,1,0
1,2,2,1,1,1,0,1,2,2,0,1,3,1,2,3,2,3,2,2,2,2,2,2,2,2,2,1,2,0,3,2,2,3
1,2,2,1,1,1,0,1,0,2,0,0,2,3,1,2,2,2,1,1,2,2,2,3,3,3,2,3,3,3,1,2,3,2
2,1,0,1,1,1,1,2,0,2,2,0,3,3,3,2,3,3,3,3,3,3,3,3,3,3,3,3,3,3,2,2,3,3
0,1,0,0,0,0,0,0,0,0,0,0,3,3,3,2,3,3,2,3,3,3,3,3,3,3,3,3,3,3,3,3,3,3
2,2,2,2,2,2,3,2,1,0,2,1,2,2,3,2,2,2,2,2,2,2,3,2,2,3,2,3,2,3,2,3,2,2
2,2,0,0,1,1,0,2,0,0,0,0,2,2,2,2,3,3,2,2,3,3,3,3,3,3,2,2,3,2,3,2,3,3
3,2,2,0,2,1,1,2,1,0,2,1,2,0,2,2,3,3,1,1,3,3,3,3,3,3,2,3,2,2,3,3,3,3
0,1,0,0,0,0,0,0,0,0,2,0,3,3,2,1,1,1,0,3,0,2,3,2,2,3,2,1,3,2,3,3,2,3
2,2,2,2,2,2,1,2,0,2,2,2,2,1,2,2,3,3,3,3,3,2,2,1,3,3,0,0,1,1,2,2,2,2
2,2,2,2,2,1,3,2,0,0,2,1,3,2,3,3,3,3,3,3,3,3,3,3,3,3,3,3,3,2,3,3,3,3
2,2,2,1,1,0,1,2,0,2,2,1,3,3,2,2,2,2,1,2,2,2,2,3,2,2,1,3,3,3,2,2,2,3
2,2,2,0,0,2,1,2,0,0,2,0,3,3,3,2,3,3,0,2,3,3,3,3,3,3,2,3,3,3,2,2,3,3
1,2,2,2,1,2,1,2,1,2,2,0,3,2,3,3,3,3,2,1,3,3,3,1,3,3,0,3,3,3,3,3,3,3
1,2,0,0,0,1,0,1,0,0,0,0,3,2,3,2,3,3,2,2,2,3,2,2,3,3,2,2,2,2,3,3,3,3
2,2,0,0,1,1,3,2,1,2,2,0,2,3,2,2,2,2,2,2,2,2,2,3,2,2,3,3,3,3,2,2,2,2
0,0,0,0,1,0,0,1,0,0,0,0,2,2,1,2,2,1,1,1,2,1,1,2,1,2,2,2,2,2,2,1,1,2
0,2,0,0,1,1,1,0,0,0,0,0,2,0,3,3,2,2,1,2,2,2,2,2,2,2,0,2,1,1,2,2,3,3
0,0,2,0,1,1,0,0,0,0,2,0,1,2,2,2,2,2,0,2,1,2,2,2,2,2,1,2,2,2,1,2,2,2
0,0,2,1,1,1,0,0,0,0,0,0,2,2,2,1,3,2,1,1,3,3,2,2,3,3,0,3,3,3,2,2,2,3
0,2,2,0,2,1,0,2,0,2,2,0,3,3,3,3,3,3,3,3,2,3,3,3,3,3,3,3,3,2,3,3,3,3
1,2,2,2,2,1,2,0,1,2,2,2,2,2,3,2,2,2,2,2,1,2,2,2,2,2,2,2,2,2,2,2,2,2
3,2,2,0,1,1,1,1,1,0,2,1,3,2,3,2,3,2,2,2,3,3,3,2,3,3,2,2,3,2,3,2,3,3
1,2,2,1,1,1,1,2,0,2,2,1,3,3,3,3,3,3,3,3,3,3,3,0,3,3,3,3,3,3,3,3,3,3
3,2,2,2,2,2,1,2,1,0,2,1,2,2,2,3,3,2,1,2,1,2,2,0,2,2,2,1,1,1,1,3,2,1
1,2,2,2,2,0,1,2,0,2,2,2,3,2,1,2,3,3,2,2,3,2,2,1,1,3,3,3,3,3,3,3,3,3
2,2,2,1,0,1,1,1,0,2,0,0,3,2,3,3,2,2,0,1,3,3,3,3,3,3,1,2,3,2,1,1,2,2
1,2,2,1,2,2,1,2,0,0,0,1,3,2,3,1,3,3,2,3,3,3,3,0,3,3,2,2,2,2,2,2,2,2
1,2,2,2,2,2,1,2,1,2,2,2,3,1,3,2,3,2,3,2,3,2,3,1,3,3,0,0,1,1,2,3,2,3
1,2,2,0,1,1,1,2,2,0,2,1,2,2,2,2,1,2,2,2,2,2,2,2,2,2,2,2,2,2,2,2,2,2
1,1,0,0,1,1,0,2,0,2,2,0,3,2,2,1,3,2,1,2,2,1,3,1,3,2,1,3,2,2,3,2,2,2
1,2,2,2,1,1,2,1,0,2,2,1,2,2,3,1,1,1,2,0,1,2,1,1,2,2,1,1,2,2,3,3,3,3
1,2,2,0,1,0,1,1,0,2,2,0,3,2,3,2,3,3,3,2,2,3,3,3,3,3,3,3,3,2,3,3,2,3
0,0,2,0,0,0,0,0,0,0,2,0,2,2,2,1,2,1,0,1,3,3,3,2,3,3,2,2,2,2,2,1,3,2
2,1,2,0,1,1,0,1,0,0,0,0,1,2,1,1,2,0,1,1,1,2,2,0,2,2,0,2,1,1,1,1,1,0
0,2,2,0,0,0,0,0,0,0,0,0,3,1,3,2,3,3,3,2,3,3,3,2,3,3,3,3,3,3,3,3,3,3
1,2,2,0,1,1,0,1,0,0,2,0,3,3,3,3,3,3,3,3,3,3,3,3,3,3,3,3,3,3,3,3,3,3
1,1,2,2,1,2,0,2,1,2,2,0,2,2,2,3,2,2,3,2,3,3,2,1,3,2,1,2,2,2,3,3,2,3
0,0,2,0,1,1,2,0,0,0,2,1,2,3,1,2,1,2,1,2,2,1,2,1,1,1,2,3,3,3,2,2,2,1
1,1,2,1,1,1,0,0,0,2,2,0,3,3,3,3,3,3,3,3,3,3,3,0,3,3,3,3,3,3,3,3,3,3
0,2,2,0,1,2,0,2,1,0,0,0,2,1,3,2,1,1,1,1,1,1,2,2,2,2,2,0,1,1,1,1,1,1
2,2,0,0,2,1,2,1,0,0,0,1,2,3,1,1,3,3,3,3,3,3,3,3,2,2,3,2,2,3,2,3,3,3
1,2,2,1,1,1,1,1,0,0,2,0,2,2,1,2,2,2,2,2,2,2,2,2,2,2,2,2,3,2,2,2,2,2
1,1,0,0,0,1,0,0,0,0,2,0,2,2,3,2,3,2,3,2,3,3,3,3,3,3,3,3,3,2,2,2,2,2
1,2,2,2,2,1,1,1,1,2,2,1,1,0,1,1,0,2,0,1,1,0,1,1,1,1,0,0,0,1,0,1,2,1
2,2,2,1,0,0,3,2,1,2,2,0,1,3,2,2,1,2,2,2,2,2,2,1,2,2,1,1,1,1,2,2,2,2
0,1,0,0,0,1,0,0,0,0,0,0,2,2,3,3,3,3,3,3,3,3,3,3,3,3,2,3,3,3,2,2,3,3
2,2,2,2,2,2,1,2,0,2,2,1,2,2,3,1,1,0,1,1,1,1,1,1,1,1,1,1,1,1,1,1,1,1
0,1,0,0,1,1,2,1,0,2,0,1,2,2,2,2,3,3,3,2,3,3,3,2,2,3,2,2,3,2,2,3,2,2
1,2,2,2,2,2,1,2,0,2,2,0,1,1,2,1,0,1,2,2,1,1,0,2,2,2,0,0,1,1,1,1,1,0
0,1,0,1,1,0,1,2,0,0,2,0,3,2,1,1,3,2,0,2,3,3,3,2,3,3,2,2,2,1,1,1,2,2
2,2,2,1,1,0,3,2,2,2,2,2,3,1,2,2,1,1,3,3,3,2,2,0,3,3,1,2,1,1,3,3,3,2
3,2,2,1,1,1,2,2,1,2,2,1,3,2,3,3,3,3,3,3,3,2,2,1,3,3,2,3,2,2,3,2,3,3
1,1,2,1,1,0,0,0,0,2,0,0,2,3,1,2,3,3,3,2,3,3,3,3,3,3,3,3,3,3,2,2,3,2
2,2,0,1,1,2,1,2,1,2,2,1,2,2,3,2,2,3,2,2,2,2,2,2,2,2,2,1,2,1,2,2,2,2
0,2,2,1,1,0,3,2,0,2,2,1,3,2,3,2,3,3,3,2,2,3,3,2,3,3,2,2,2,2,3,3,2,3
1,1,2,2,1,1,3,2,0,0,2,0,2,2,3,2,2,2,3,2,2,2,2,1,2,2,1,2,2,2,2,2,2,2
1,2,2,1,1,1,1,1,1,2,2,1,3,3,2,2,3,3,2,2,3,3,3,3,3,3,2,3,3,2,2,2,3,2
2,2,2,1,2,1,3,2,1,2,2,2,3,3,3,3,3,3,3,3,3,3,3,3,3,3,3,3,3,3,3,2,3,3
1,2,2,1,1,2,1,2,1,0,2,1,3,2,3,3,2,3,2,3,3,2,3,0,3,2,0,3,3,2,2,3,3,3
2,2,2,1,1,2,1,2,2,2,2,1,2,3,2,2,2,2,2,2,2,2,2,2,2,2,2,3,3,3,2,2,2,2
3,2,2,2,2,2,1,2,0,0,2,1,3,2,3,3,2,3,3,3,3,2,3,0,2,3,2,3,2,2,3,2,3,3
1,1,0,0,0,1,1,2,0,0,0,0,3,3,3,2,3,3,2,2,2,3,3,3,3,3,3,3,3,3,2,2,3,3
2,1,2,1,1,2,0,1,1,0,2,1,3,3,2,2,3,3,3,2,3,3,3,3,3,3,3,3,3,3,2,3,3,3
2,2,2,2,2,2,3,2,1,2,2,2,3,1,1,1,2,3,2,1,0,1,2,0,2,1,3,2,1,0,2,1,0,1
0,2,0,2,2,1,0,1,0,2,2,0,2,3,1,2,2,2,2,2,2,2,2,3,2,2,2,2,3,3,2,2,2,2
2,2,2,2,2,1,1,2,1,2,2,1,3,3,3,3,3,2,2,3,2,3,2,2,2,3,3,3,3,3,3,3,3,3
0,2,2,2,2,2,1,2,1,2,2,0,2,3,2,2,2,2,2,2,2,2,2,2,2,1,1,1,2,2,1,2,2,2
0,1,2,2,2,2,1,2,0,2,2,1,3,1,2,2,2,2,3,2,2,3,2,0,2,3,1,1,1,0,3,2,2,2
1,2,2,0,1,1,1,2,1,2,2,2,3,3,3,3,3,3,3,3,3,3,3,1,3,3,0,3,3,3,3,3,3,3
0,2,2,2,2,1,1,2,0,2,2,1,2,3,2,2,2,2,2,2,2,2,2,2,2,2,2,2,2,2,2,2,2,2
1,2,2,0,1,0,1,2,0,2,2,1,3,3,2,3,2,2,3,2,3,2,3,2,3,3,3,3,3,3,2,3,2,3
3,2,2,2,2,2,2,1,1,2,2,2,3,2,1,1,2,0,0,2,2,2,3,1,2,2,2,2,1,2,2,1,1,1
1,2,2,2,2,1,1,2,1,2,2,1,3,2,2,2,2,3,2,2,2,3,2,2,2,3,2,3,2,2,3,2,3,2
1,2,2,2,2,2,1,1,0,2,2,1,2,3,2,2,1,2,3,2,1,2,2,2,2,2,2,2,1,2,1,0,1,1
0,2,0,1,0,1,0,2,0,0,0,0,3,2,3,2,2,2,1,1,1,3,3,1,3,3,2,2,3,3,3,2,2,3
1,1,0,0,1,1,1,1,1,0,2,1,3,2,3,2,3,3,2,2,2,3,3,3,3,3,3,3,3,3,3,2,3,3
3,2,2,0,1,2,3,2,1,2,2,0,3,3,0,0,3,3,3,3,3,3,2,3,3,3,3,3,3,3,3,3,3,3
2,1,2,1,2,0,2,1,1,2,2,2,3,2,3,2,1,2,3,2,3,3,1,2,3,3,0,2,1,2,3,3,3,3
2,2,2,1,2,2,0,2,0,2,2,1,3,3,2,2,2,2,2,2,2,2,2,1,2,2,2,2,2,2,2,2,2,2
2,2,2,2,2,2,1,2,1,2,2,1,1,1,3,3,2,3,3,3,3,3,3,0,3,3,3,1,3,3,3,3,3,3
2,2,2,1,1,1,0,2,1,2,2,2,2,2,3,2,2,2,0,2,3,2,3,2,2,2,2,2,2,1,2,2,2,2
0,1,2,1,1,1,1,1,0,2,2,1,1,3,1,2,2,1,1,2,2,1,1,2,1,1,1,0,0,0,2,1,2,1
0,2,0,0,1,1,1,0,0,2,2,0,2,2,3,2,3,3,3,2,2,3,3,2,3,2,2,2,3,2,2,2,3,3
0,1,2,0,0,1,1,2,0,2,0,1,2,2,0,2,1,2,1,2,3,0,2,1,3,1,1,1,0,3,1,2,2,2
0,1,0,0,0,0,0,0,0,0,0,0,2,2,2,1,3,2,1,1,2,2,2,2,3,2,0,0,1,0,1,1,3,2
0,0,0,0,0,1,0,0,0,0,0,0,3,2,2,2,3,3,2,2,3,3,3,1,3,3,2,2,3,2,2,3,3,3
3,2,2,2,1,2,3,2,1,0,0,1,3,3,2,2,2,3,3,2,2,3,2,3,2,3,3,3,3,3,2,3,2,2
3,2,2,2,1,1,1,2,0,2,2,0,1,1,1,1,1,0,1,2,1,0,1,1,1,0,2,1,2,2,1,0,1,0
2,2,2,2,2,2,3,2,1,2,2,2,3,1,1,2,1,1,1,2,1,0,1,2,2,1,1,2,2,1,2,1,1,1
2,1,2,1,1,2,1,1,2,2,2,1,2,3,3,3,3,2,3,3,3,3,3,3,3,3,3,3,3,2,2,2,2,2
0,2,2,0,1,1,1,0,1,0,0,1,3,1,3,1,2,2,2,3,2,2,1,1,2,2,0,3,2,2,3,1,2,3
0,2,2,1,0,0,2,2,0,2,2,1,2,2,0,1,2,1,3,1,2,1,2,0,2,1,1,2,1,1,3,2,1,2
3,2,2,0,0,1,0,2,0,2,0,0,2,2,2,2,1,1,0,1,1,2,2,2,1,1,1,2,1,1,1,1,1,1
1,2,2,1,2,2,0,1,0,2,2,0,2,3,2,2,2,2,0,2,2,2,3,3,2,3,2,2,3,3,2,2,2,2
2,2,2,2,2,1,1,2,0,2,2,1,2,2,2,2,3,2,0,2,2,2,3,2,2,3,2,2,2,1,2,1,2,1
1,2,2,1,1,1,2,2,1,2,2,0,2,2,3,3,3,3,3,3,3,2,3,2,2,3,2,2,3,3,2,3,3,3
0,0,2,1,1,2,3,1,1,2,0,2,2,2,2,3,1,2,2,1,2,3,2,2,1,0,2,3,2,1,2,3,2,2
1,2,2,0,1,1,3,2,0,0,2,0,3,2,2,3,3,3,2,2,2,3,3,3,2,2,2,2,2,2,2,2,2,3
1,1,2,0,1,0,0,1,0,2,0,0,2,1,2,1,2,2,2,1,1,2,3,1,2,3,1,1,0,0,1,1,2,1
3,1,2,0,1,1,1,0,1,0,0,2,2,2,2,1,1,1,2,2,1,1,2,1,1,1,0,0,2,3,0,1,1,2
1,2,2,1,1,1,0,1,0,2,2,1,3,3,3,3,3,3,3,3,3,3,3,3,3,3,2,3,3,3,3,3,3,3
2,2,2,1,0,1,1,1,1,2,2,0,3,3,3,3,3,3,3,3,3,3,3,2,3,3,2,3,3,3,3,3,3,3
1,2,2,1,1,0,1,2,0,2,2,1,3,1,2,2,2,2,2,2,2,2,2,1,2,2,2,1,2,0,2,2,2,2
0,2,2,2,2,1,1,0,1,2,2,0,3,3,2,2,2,2,1,2,2,1,2,2,2,3,3,2,3,3,3,3,3,3
2,2,2,1,2,2,2,1,1,2,2,2,2,2,3,3,3,3,3,3,3,3,3,2,3,3,3,3,3,3,3,3,3,3
3,2,2,1,2,2,1,2,1,0,0,2,1,3,1,2,1,2,1,2,1,1,1,2,1,2,1,1,1,2,2,1,2,2
1,2,2,1,2,2,1,2,1,0,2,1,2,1,3,3,3,3,2,2,3,3,3,1,3,2,0,0,0,0,2,2,2,2
1,1,2,2,2,2,1,2,1,2,2,2,2,2,2,2,3,2,1,1,2,2,3,1,2,1,3,3,2,3,1,1,2,1
0,1,2,2,1,2,1,2,1,2,2,2,3,1,1,0,1,2,3,2,1,0,1,1,3,2,2,3,2,1,3,2,1,0
1,2,0,0,0,0,0,2,0,2,0,0,1,1,3,3,3,2,2,2,3,3,3,2,3,3,2,2,3,2,3,2,3,3
1,2,2,1,2,2,2,2,1,2,2,1,3,2,3,3,3,3,2,3,3,3,3,2,3,3,2,3,3,3,2,3,3,3
0,2,2,0,2,2,3,0,0,2,2,0,3,3,3,2,1,2,2,2,1,2,2,1,1,2,1,3,3,3,3,1,0,0
0,2,2,1,0,0,1,2,0,2,0,0,3,3,2,2,3,3,3,2,2,3,3,3,3,3,3,3,3,3,3,3,3,3
0,1,2,0,1,1,2,2,0,2,0,0,3,3,3,3,3,3,3,3,3,3,3,3,3,3,3,3,3,3,3,3,3,3
3,2,2,1,1,1,1,2,1,2,2,1,2,1,1,1,2,1,1,2,2,1,1,2,2,1,2,1,2,2,1,2,1,1
2,2,2,0,2,2,1,2,1,2,2,1,3,3,3,3,3,3,3,3,3,3,3,2,3,3,3,2,3,2,3,3,3,3
1,2,2,2,1,1,2,0,2,2,2,1,2,2,2,2,2,2,2,2,2,2,2,2,2,2,2,2,2,2,2,2,2,2
2,2,2,1,0,0,3,1,0,2,2,0,3,3,3,3,3,1,0,2,3,3,3,3,2,2,3,3,3,3,2,2,3,3
1,2,2,0,2,1,3,2,1,2,2,1,2,2,2,2,2,2,3,2,3,3,3,2,2,2,2,2,2,2,3,2,2,3
0,2,2,0,0,2,1,0,0,2,2,0,3,3,3,2,3,2,2,2,3,3,3,3,3,3,3,3,3,2,2,2,3,2
3,1,0,0,1,1,1,1,1,2,2,1,2,2,2,3,3,3,3,2,2,2,3,1,3,2,1,2,2,2,3,2,3,2
2,2,2,2,1,1,2,1,1,2,2,1,2,2,2,1,1,2,1,2,3,1,1,3,1,2,1,2,3,2,2,2,2,1
0,2,2,2,1,2,1,2,0,2,2,2,3,1,2,3,2,3,2,2,3,2,2,0,2,2,0,0,1,1,3,3,2,2
1,1,2,0,0,1,2,2,1,0,0,2,3,2,3,3,3,3,3,3,3,2,2,2,2,3,2,1,2,2,2,2,3,2
2,1,2,0,1,1,0,1,0,0,0,0,3,3,3,3,3,3,0,2,2,3,3,3,3,3,3,3,3,3,2,2,2,3
1,1,2,2,1,1,2,2,0,2,2,1,2,0,2,2,3,2,2,2,2,1,2,1,1,2,1,1,1,2,2,2,2,2
1,2,0,0,1,2,3,2,1,2,2,0,3,3,1,3,3,3,3,3,3,3,3,2,3,3,3,3,3,3,3,3,3,3
0,2,0,0,1,0,0,2,0,0,0,0,2,2,2,2,2,3,3,2,3,3,3,3,2,2,3,2,2,2,2,3,3,3
0,2,2,1,0,1,0,2,0,0,2,1,1,1,2,2,2,2,2,3,2,2,2,0,2,2,1,2,2,2,2,2,2,2
2,2,2,1,2,1,3,2,1,2,2,1,1,1,1,3,2,1,0,3,2,3,2,1,3,3,0,2,0,1,3,2,2,1
0,1,2,2,2,2,0,2,0,2,2,1,0,2,0,1,0,1,0,1,0,1,0,2,0,1,3,2,3,2,0,1,0,1
1,2,0,1,2,1,2,1,0,2,2,1,3,2,2,3,3,3,3,3,2,3,3,3,3,3,2,2,2,2,3,3,3,3
1,2,2,2,2,2,1,2,1,2,2,0,3,3,2,2,2,2,2,3,2,2,2,0,2,1,1,3,3,3,1,3,2,3
1,2,2,1,1,1,2,1,1,2,2,2,2,2,2,2,2,2,2,2,1,2,2,1,1,2,1,2,2,2,2,2,2,2
1,2,2,1,1,1,1,1,0,2,2,1,2,2,3,1,3,3,2,2,2,2,2,2,1,2,1,1,2,1,2,2,2,2
0,2,2,2,2,1,1,0,0,2,2,0,2,0,2,3,2,2,2,1,3,2,2,1,1,2,1,2,1,1,1,1,2,2
1,2,0,0,2,1,0,2,0,2,2,0,3,2,3,3,3,3,0,3,3,3,3,3,3,3,3,3,3,2,3,3,3,3
1,2,2,0,0,1,1,2,0,0,2,0,2,2,2,2,2,2,1,2,2,2,2,2,2,2,2,2,3,2,2,2,2,2
1,2,2,0,2,0,3,2,1,2,2,1,3,2,2,2,1,2,2,2,2,1,3,1,1,2,1,3,3,3,1,2,2,2
1,2,0,0,1,1,1,0,0,2,2,0,2,2,3,2,2,2,3,2,2,2,3,3,3,2,3,3,3,3,2,3,2,2
1,1,2,1,1,1,0,2,1,0,2,1,2,1,3,2,2,2,1,1,2,2,2,2,2,2,2,2,2,2,2,2,2,2
2,1,2,1,1,2,0,1,0,2,2,2,2,2,2,2,2,2,0,2,1,2,1,1,3,3,2,1,2,1,0,1,1,1
1,2,0,0,1,2,1,1,0,0,0,0,2,3,2,2,3,1,0,2,2,3,3,3,2,2,2,2,3,1,3,2,3,2
2,2,2,1,1,1,3,1,1,0,2,1,3,2,3,3,2,2,2,2,3,3,3,2,3,3,2,2,2,2,2,2,3,3
